#
# Set default charset for multilingual support
#
AddDefaultCharset UTF-8
AddCharset UTF-8 .php

#
# .htaccess redirection
#
Options +FollowSymLinks
RewriteEngine on

#
# Redirect old links to new ones
#


## /config folder
RewriteRule ^lab_configs\.php$ config/lab_configs.php
RewriteRule ^lab_config_home\.php$ config/lab_config_home.php
RewriteRule ^lab_config_new\.php$ config/lab_config_new.php
RewriteRule ^lab_config_add\.php$ config/lab_config_add.php
RewriteRule ^lab_config_added\.php$ config/lab_config_added.php
RewriteRule ^lab_config_status\.php$ config/lab_config_status.php
RewriteRule ^cfield_new\.php$ config/cfield_new.php
RewriteRule ^cfield_edit\.php$ config/cfield_edit.php
RewriteRule ^worksheet_custom_new\.php$ config/worksheet_custom_new.php
RewriteRule ^worksheet_custom_add\.php$ config/worksheet_custom_add.php
RewriteRule ^worksheet_custom_added\.php$ config/worksheet_custom_added.php
RewriteRule ^worksheet_custom_edit\.php$ config/worksheet_custom_edit.php
RewriteRule ^worksheet_custom_update\.php$ config/worksheet_custom_update.php
RewriteRule ^worksheet_custom_updated\.php$ config/worksheet_custom_updated.php


## /reports folder
RewriteRule ^reports\.php$ reports/reports.php
RewriteRule ^report_onetesthistory\.php$ reports/report_onetesthistory.php
RewriteRule ^report_selected_tests\.php$ reports/report_selected_tests.php
RewriteRule ^reports_testhistory\.php$ reports/reports_testhistory.php
RewriteRule ^reports_specimen\.php$ reports/reports_specimen.php
RewriteRule ^reports_specimenlog\.php$ reports/reports_specimenlog.php
RewriteRule ^reports_print\.php$ reports/reports_print.php
RewriteRule ^reports_dailyspecimens\.php$ reports/reports_dailyspecimens.php
RewriteRule ^reports_dailypatients\.php$ reports/reports_dailypatients.php
RewriteRule ^reports_infection\.php$ reports/reports_infection.php
RewriteRule ^doctor_stats\.php$ reports/doctor_stats.php
RewriteRule ^reports_specimencount\.php$ reports/reports_specimencount.php
RewriteRule ^reports_tests_done\.php$ reports/reports_tests_done.php
RewriteRule ^reports_tat\.php$ reports/reports_tat.php
RewriteRule ^report_disease\.php$ reports/report_disease.php
RewriteRule ^infection_aggregate\.php$ reports/infection_aggregate.php
RewriteRule ^report_disease_preview\.php$ reports/report_disease_preview.php
RewriteRule ^reports_pending\.php$ reports/reports_pending.php
RewriteRule ^reports_userlog\.php$ reports/reports_userlog.php
RewriteRule ^reports_test\.php$ reports/reports_test.php
RewriteRule ^reports_patient\.php$ reports/reports_patient.php
RewriteRule ^report_prevalence_agg\.php$ reports/report_prevalence_agg.php
RewriteRule ^reports_tat_aggregate\.php$ reports/reports_tat_aggregate.php
#-Currently unused php report files-
RewriteRule ^reports_session\.php$ reports/reports_session.php
RewriteRule ^reports_tat_org\.php$ reports/reports_tat_org.php

## /catalog folder
RewriteRule ^catalog\.php$ catalog/catalog.php
RewriteRule ^specimen_type_new\.php$ catalog/specimen_type_new.php
RewriteRule ^specimen_type_add\.php$ catalog/specimen_type_add.php
RewriteRule ^specimen_type_added\.php$ catalog/specimen_type_added.php
RewriteRule ^specimen_type_edit\.php$ catalog/specimen_type_edit.php
RewriteRule ^specimen_type_updated\.php$ catalog/specimen_type_updated.php
RewriteRule ^specimen_type_delete\.php$ catalog/specimen_type_delete.php
RewriteRule ^test_type_new\.php$ catalog/test_type_new.php
RewriteRule ^test_type_add\.php$ catalog/test_type_add.php
RewriteRule ^test_type_added\.php$ catalog/test_type_added.php
RewriteRule ^test_type_edit\.php$ catalog/test_type_edit.php
RewriteRule ^test_type_updated\.php$ catalog/test_type_updated.php
RewriteRule ^test_type_delete\.php$ catalog/test_type_delete.php
RewriteRule ^country_catalog\.php$ catalog/country_catalog.php
RewriteRule ^test_type_edit_agg\.php$ catalog/test_type_edit_agg.php
RewriteRule ^test_type_updated_agg\.php$ catalog/test_type_updated_agg.php


## /regn folder
RewriteRule ^find_patient\.php$ regn/find_patient.php
RewriteRule ^new_patient\.php$ regn/new_patient.php
RewriteRule ^new_specimen\.php$ regn/new_specimen.php
RewriteRule ^specimen_added\.php$ regn/specimen_added.php
RewriteRule ^session_print\.php$ regn/session_print.php


## /results folder
RewriteRule ^results_entry\.php$ results/results_entry.php
RewriteRule ^results_batch_add\.php$ results/results_batch_add.php
RewriteRule ^results_verify\.php$ results/results_verify.php
RewriteRule ^worksheet\.php$ results/worksheet.php
RewriteRule ^worksheet_custom\.php$ results/worksheet_custom.php


## /search folder
RewriteRule ^search\.php$ search/search.php
RewriteRule ^patient_profile\.php$ search/patient_profile.php
RewriteRule ^select_test_profile\.php$ search/select_test_profile.php
RewriteRule ^specimen_info\.php$ search/specimen_info.php
RewriteRule ^specimen_verify\.php$ search/specimen_verify.php
RewriteRule ^specimen_verify_do\.php$ search/specimen_verify_do.php
RewriteRule ^specimen_result\.php$ search/specimen_result.php
RewriteRule ^specimen_result_do\.php$ search/specimen_result_do.php


## /export folder
RewriteRule ^export_word\.php$ export/export_word.php
RewriteRule ^export_txt\.php$ export/export_txt.php
RewriteRule ^export_pdf\.php$ export/export_pdf.php
RewriteRule ^data_backup$ export/data_backup2.php
RewriteRule ^data_backup_revert.php$ export/data_backup_revert.php
RewriteRule ^update_database.php$ export/update_database.php
RewriteRule ^export_config$ export/export_config.php

## /users folder
RewriteRule ^edit_profile\.php$ users/edit_profile.php
RewriteRule ^change_profile\.php$ users/change_profile.php
RewriteRule ^change_pwd\.php$ users/change_pwd.php
RewriteRule ^password_reset\.php$ users/password_reset.php
RewriteRule ^lab_admins\.php$ users/lab_admins.php
RewriteRule ^lab_admin_new\.php$ users/lab_admin_new.php
RewriteRule ^lab_admin_edit\.php$ users/lab_admin_edit.php
RewriteRule ^lab_user_new\.php$ users/lab_user_new.php
RewriteRule ^lab_user_edit\.php$ users/lab_user_edit.php
RewriteRule ^switchto_admin\.php$ users/switchto_admin.php
RewriteRule ^switchto_tech\.php$ users/switchto_tech.php
RewriteRule ^login\.php$ users/login.php
RewriteRule ^validate\.php$ users/validate.php
RewriteRule ^logout\.php$ users/logout.php
RewriteRule ^home\.php$ users/home.php


## /feedback folder
RewriteRule ^comments\.php$ feedback/comments.php
RewriteRule ^latency_table\.php$ feedback/latency_table.php
RewriteRule ^login_table\.php$ feedback/login_table.php
RewriteRule ^record\.js$ feedback/record.js
RewriteRule ^blank\.txt$ feedback/blank.txt
RewriteRule ^Latency\.php$ feedback/Latency.php
RewriteRule ^UserProps\.php$ feedback/UserProps.php
RewriteRule ^user_rating\.php$ feedback/user_rating.php
RewriteRule ^user_rating_submit\.php$ feedback/user_rating_submit.php


## /help folder
RewriteRule ^help\.php$ feedback/help.php


## /lang folder
RewriteRule ^lang_switch$ lang/lang_switch.php
RewriteRule ^stock_add.php$ lang/stock_add.php
RewriteRule ^stock_details.php$ lang/stock_details.php
RewriteRule ^stock_edit.php$ lang/stock_edit.php
RewriteRule ^stock_edit_details.php$ lang/stock_edit_details.php
RewriteRule ^stock_update.php$ lang/stock_update.php
RewriteRule ^lang_edit$ lang/lang_edit.php
RewriteRule ^lang_update$ lang/lang_update.php
RewriteRule ^lang_catalog_update$ lang/lang_catalog_update.php
RewriteRule ^lang_xml2php$ lang/lang_xml2php.php
RewriteRule ^remarks_edit.php$ lang/remarks_edit.php
RewriteRule ^stock_management$ lang/stock_management.php
RewriteRule ^remarks_update.php$ lang/remarks_update.php
RewriteRule ^current_inventory.php$ lang/current_inventory.php
RewriteRule ^stock_out.php$ lang/stock_out.php

## /update folder
RewriteRule ^update.php$ update/update.php

## /debug folder
RewriteRule ^testsuite_backend$ debug/testsuite_backend.php